id,town,area,latitude,longitude,region,monitoredVotes,registered,photoVoices,officialVotes,officialVoters,against_registered,against_officialVotes,against_photoVoices,cherechen_registered,cherechen_officialVotes,cherechen_photoVoices,corrupted_registered,corrupted_officialVotes,corrupted_photoVoices,dmitriyev_registered,dmitriyev_officialVotes,dmitriyev_photoVoices,ignore_registered,ignore_officialVotes,ignore_photoVoices,kanopatskaja_registered,kanopatskaja_officialVotes,kanopatskaja_photoVoices,lukashenko_registered,lukashenko_officialVotes,lukashenko_photoVoices,tihanovkaja_registered,tihanovkaja_officialVotes,tihanovkaja_photoVoices,zubr_id,observers,wrong-voters-number,major-violations,minor-violations
01-010-0001,Brest,city,52.089515,23.680013,1,,486,256,1319.0,1656.0,9,96.0,2,4,16.0,0,1,5.0,1,1,21.0,0,0,,0,0,16.0,0,5,464.0,0,466,701.0,253,911,2,False,False,False
01-010-0007,Brest,city,52.104868,23.650827,1,,358,196,1829.0,2319.0,5,146.0,2,3,44.0,0,0,,0,2,43.0,0,1,,0,0,19.0,0,1,567.0,0,346,1010.0,194,917,5,False,False,True
01-010-0008,Brest,city,52.114542,23.646281,1,,354,206,1772.0,1955.0,6,78.0,1,3,41.0,2,0,,0,3,34.0,1,0,,0,1,34.0,1,3,803.0,0,338,782.0,201,918,1,False,False,False
01-010-0010,Brest,city,52.138598,23.674695,1,,126,89,973.0,1107.0,0,47.0,0,0,10.0,0,0,,0,0,22.0,0,0,,0,0,10.0,0,0,441.0,0,126,443.0,89,920,2,False,False,False
01-010-0011,Brest,city,52.127979,23.652623,1,,315,163,1807.0,1995.0,5,81.0,4,1,15.0,1,0,,0,1,26.0,0,2,,0,0,19.0,0,3,984.0,0,303,682.0,158,921,1,False,False,False
01-010-0012,Brest,city,52.119652,23.656486,1,,299,177,1504.0,1737.0,3,23.0,0,2,26.0,1,0,,0,2,21.0,1,1,,0,1,38.0,1,4,863.0,0,286,533.0,174,922,3,False,False,False
01-010-0017,Brest,city,52.087186,23.687101,1,,239,152,1190.0,1442.0,3,64.0,2,0,7.0,0,0,,0,0,6.0,0,0,,0,1,5.0,1,2,608.0,1,233,500.0,148,927,3,False,False,False
01-010-0022,Brest,city,52.093123,23.697054,1,,261,162,1256.0,1564.0,2,49.0,2,1,21.0,0,0,4.0,0,1,17.0,0,0,,0,0,25.0,0,1,622.0,0,256,518.0,160,932,1,False,False,False
01-010-0025,Brest,city,52.113027,23.728962,1,,420,241,1898.0,2217.0,5,130.0,1,2,36.0,0,3,17.0,1,4,36.0,2,1,,0,1,24.0,1,8,548.0,0,396,1107.0,236,935,3,False,False,True
01-010-0027,Brest,city,52.099513,23.685708,1,,260,168,1360.0,1407.0,5,90.0,2,1,10.0,1,0,6.0,0,0,19.0,0,0,,0,1,9.0,0,2,761.0,1,251,465.0,164,937,1,False,False,False
01-010-0028,Brest,city,52.102971,23.684936,1,,268,170,1659.0,1953.0,10,424.0,6,0,29.0,0,0,,0,1,33.0,0,1,,0,1,35.0,0,0,374.0,0,255,764.0,164,938,2,False,False,False
01-010-0030,Brest,city,52.117069,23.688412,1,,259,157,1339.0,1704.0,5,98.0,1,0,13.0,0,0,,0,1,18.0,0,1,,0,0,15.0,0,4,778.0,2,248,417.0,154,940,3,False,False,False
01-010-0032,Brest,city,52.111655,23.686032,1,,264,150,1870.0,1885.0,5,107.0,2,0,37.0,0,0,15.0,0,0,47.0,0,0,,0,0,33.0,0,0,920.0,0,259,711.0,148,942,2,False,False,True
01-010-0034,Brest,city,52.113486,23.730759,1,,424,271,2048.0,2543.0,7,164.0,3,2,62.0,0,0,,0,3,46.0,1,0,,0,2,18.0,0,1,535.0,0,409,1223.0,267,944,5,False,False,True
01-010-0044,Brest,city,52.090185,23.678378,1,,193,120,1065.0,1370.0,4,56.0,3,2,27.0,1,0,5.0,0,0,21.0,0,0,,0,0,11.0,0,2,472.0,0,185,473.0,116,954,2,False,False,False
01-011-0015,Brest,city,52.098158,23.723554,1,,390,215,2044.0,2543.0,6,158.0,4,5,42.0,1,0,11.0,0,2,47.0,0,4,,0,1,27.0,0,4,646.0,1,368,1113.0,209,969,2,False,False,True
01-011-0032,Brest,city,52.106699,23.766485,1,,220,140,1701.0,1920.0,3,89.0,0,0,43.0,0,0,,0,1,40.0,0,1,,0,0,12.0,0,2,935.0,0,213,582.0,140,986,0,False,False,False
01-011-0037,Brest,city,52.104204,23.765093,1,,203,112,1280.0,1509.0,5,137.0,3,2,24.0,0,1,,0,2,29.0,0,2,,0,0,23.0,0,0,524.0,0,191,543.0,109,991,1,False,False,False
01-011-0038,Brest,city,52.104204,23.765093,1,,193,105,1042.0,1211.0,7,88.0,1,1,18.0,0,0,8.0,0,2,21.0,0,1,,0,0,17.0,0,2,380.0,0,180,510.0,104,992,2,False,False,True
01-011-0049,Brest,city,52.100105,23.784281,1,,396,243,1919.0,1976.0,5,121.0,2,0,35.0,0,2,17.0,2,2,28.0,1,0,,0,1,19.0,0,7,661.0,1,379,1055.0,237,1003,2,False,False,False
01-011-0061,Brest,city,52.072446,23.761005,1,,312,179,1681.0,2310.0,9,144.0,1,3,35.0,1,1,16.0,1,1,27.0,0,2,,1,1,16.0,0,1,574.0,0,294,869.0,175,1015,2,False,False,True
01-011-0063,Brest,city,52.072258,23.759209,1,,613,382,2735.0,2977.0,7,181.0,2,3,51.0,2,0,17.0,0,2,47.0,0,0,,0,0,24.0,0,5,1387.0,0,596,1028.0,378,1017,1,False,False,False
01-011-0079,Brest,city,52.067807,23.729286,1,,421,249,2152.0,2420.0,6,107.0,3,0,25.0,0,1,11.0,0,1,49.0,1,2,,0,0,45.0,0,0,1342.0,0,411,571.0,245,1033,3,False,False,False
01-011-0087,Brest,city,52.05665,23.737146,1,,432,271,1940.0,2398.0,3,164.0,2,0,34.0,0,1,22.0,1,3,43.0,1,0,,0,0,22.0,0,2,499.0,0,423,1155.0,267,1041,2,False,False,False
01-049-0008,Biaroza,town_below100,52.529212,24.986164,1,,234,126,1311.0,1496.0,2,57.0,1,0,18.0,0,0,16.0,0,1,19.0,0,0,,0,1,10.0,0,2,809.0,0,228,382.0,125,1153,1,False,False,False
01-049-0013,Belaazersk,town_below100,52.469115,25.17869,1,,239,121,1661.0,1885.0,2,100.0,0,0,32.0,0,1,11.0,0,1,38.0,1,0,,0,0,21.0,0,2,594.0,0,233,865.0,120,1158,3,False,False,True
01-049-0015,Belaazersk,town_below100,52.475626,25.174513,1,,399,217,2025.0,2100.0,8,174.0,2,0,44.0,0,1,,1,2,43.0,1,0,,0,0,25.0,0,2,563.0,0,386,1176.0,213,1160,3,False,False,False
01-049-0030,Pieski,village,52.497524,25.190144,1,,102,49,1009.0,1027.0,3,69.0,2,0,20.0,0,0,24.0,0,2,23.0,1,1,,0,0,10.0,0,0,442.0,0,96,421.0,46,1175,2,False,False,False
01-053-0021,Motal,village,52.312707,25.597566,1,,68,26,1099.0,1155.0,1,96.0,0,0,18.0,0,0,,0,2,20.0,0,0,,0,0,18.0,0,0,504.0,0,65,443.0,26,1315,0,False,False,False
01-054-0005,Ivacevichi,town_below100,52.715093,25.323759,1,,529,301,2838.0,2989.0,10,195.0,2,3,20.0,2,0,,0,2,54.0,1,2,,0,0,13.0,0,1,1500.0,0,511,1056.0,296,1335,2,False,False,False
01-054-0043,Яглевичи,village,52.694719,25.378161,1,,103,61,1083.0,1176.0,1,37.0,0,0,9.0,0,0,3.0,0,1,12.0,0,0,,0,0,9.0,0,0,647.0,0,101,366.0,61,1373,1,False,False,False
01-055-0002,Kamyanyets,town_below100,52.39477,23.823196,1,,173,87,1320.0,1766.0,2,57.0,0,0,35.0,0,0,,0,0,20.0,0,2,,0,1,17.0,0,3,616.0,0,165,575.0,87,1376,3,False,False,False
01-055-0003,Kamyanyets,town_below100,52.393061,23.825864,1,,167,86,1474.0,1699.0,5,122.0,0,0,28.0,0,0,,0,0,19.0,0,1,,0,1,24.0,0,2,536.0,0,158,745.0,86,1377,3,True,True,True
01-055-0010,Ратайчицы,village,52.344854,23.615999,1,,13,6,610.0,683.0,1,36.0,0,0,4.0,0,0,,0,0,14.0,0,0,,0,0,14.0,0,0,389.0,0,12,153.0,6,1384,1,False,False,False
01-055-0032,Vysokaye,town_below100,52.372628,23.366519,1,,139,78,1106.0,1317.0,5,101.0,0,3,29.0,1,0,,0,0,27.0,0,2,,0,0,16.0,0,4,380.0,0,125,553.0,77,1406,2,False,False,False
01-056-0005,Kobryn,town_below100,52.198006,24.346383,1,,293,190,2470.0,2580.0,5,91.0,3,0,34.0,0,0,21.0,0,1,46.0,1,1,,0,2,22.0,1,3,1351.0,1,281,905.0,184,1415,1,False,False,True
01-056-0017,Kobryn,town_below100,52.219148,24.346383,1,,220,112,2087.0,2269.0,3,102.0,0,0,31.0,0,1,68.0,0,4,53.0,2,0,,0,1,23.0,0,3,1523.0,0,208,287.0,110,1427,2,False,False,False
01-056-0019,Kobryn,town_below100,52.22002,24.361125,1,,337,206,1987.0,2251.0,1,133.0,0,1,49.0,0,0,,0,3,39.0,0,0,,0,0,33.0,0,1,684.0,0,331,1049.0,206,1429,2,False,False,False
01-056-0021,Батчи,village,52.240495,24.227249,1,,49,23,517.0,693.0,0,21.0,0,0,15.0,0,0,4.0,0,0,8.0,0,0,,0,0,7.0,0,0,240.0,0,49,222.0,23,1431,3,False,False,True
01-056-0024,Ерёмичи,village,52.291383,24.436808,1,,27,9,422.0,461.0,0,37.0,0,0,6.0,0,0,,0,0,9.0,0,0,,0,0,8.0,0,0,241.0,0,27,121.0,9,1434,2,False,False,False
01-057-0025,Большие Чучевичи,village,52.573884,26.855522,1,,37,16,1205.0,1423.0,0,71.0,0,0,14.0,0,0,,0,0,19.0,0,0,,0,0,23.0,0,1,785.0,0,36,293.0,16,1494,2,False,False,False
01-058-0008,Гончары,village,52.958324,26.312122,1,,28,5,501.0,580.0,0,28.0,0,0,4.0,0,0,4.0,0,0,6.0,0,1,,0,0,13.0,0,0,317.0,0,27,129.0,5,1532,1,False,False,True
01-060-0028,Pinsk,town_over100,52.132125,26.113621,1,,62,35,603.0,654.0,0,8.0,0,0,5.0,0,0,,0,1,12.0,0,0,,0,0,8.0,0,0,489.0,0,61,81.0,35,1071,1,False,False,False
01-060-0059,Pinsk,town_over100,52.132164,26.069406,1,,198,112,1902.0,1923.0,5,88.0,3,3,18.0,1,0,,0,1,28.0,0,1,,0,1,15.0,1,3,1138.0,0,184,615.0,107,1102,0,False,False,False
01-060-0060,Pinsk,town_over100,52.132164,26.069406,1,,183,91,1656.0,1782.0,5,128.0,1,1,32.0,0,0,,0,1,18.0,1,0,,0,1,24.0,0,3,988.0,0,172,466.0,89,1103,1,False,False,False
01-060-0061,Pinsk,town_over100,52.132164,26.069406,1,,207,124,2034.0,2169.0,1,150.0,0,1,38.0,1,1,,0,0,39.0,0,1,,0,0,16.0,0,0,998.0,0,203,793.0,123,1104,1,False,False,False
01-062-0009,Pruzhany,town_below100,52.560216,24.464575,1,,69,39,822.0,846.0,0,76.0,0,0,14.0,0,0,6.0,0,0,9.0,0,1,,0,0,8.0,0,0,468.0,0,68,241.0,39,1639,0,False,False,False
01-063-0010,Davyd-Haradok,town_below100,52.05582,27.204823,1,,124,61,1213.0,1726.0,2,69.0,1,0,5.0,0,0,23.0,0,0,8.0,0,0,,0,0,10.0,0,1,464.0,0,121,634.0,60,1690,1,False,False,True
01-142-0002,Малые Зводы,village,52.306571,23.478066,1,,142,75,1359.0,1505.0,2,89.0,0,1,43.0,1,1,18.0,0,0,32.0,0,0,,0,1,15.0,0,1,521.0,0,136,641.0,74,1187,0,False,False,False
02-014-0005,Vítebsk,city,55.197913,30.197246,2,,151,88,1151.0,1459.0,4,18.0,0,1,26.0,0,0,8.0,0,1,14.0,0,0,,0,1,13.0,0,0,864.0,0,144,208.0,88,1756,1,False,False,False
02-015-0001,Vítebsk,city,55.215837,30.237867,2,,195,94,1773.0,2326.0,5,17.0,0,0,13.0,0,0,13.0,0,3,11.0,0,2,,0,0,23.0,0,4,1353.0,0,181,343.0,94,1775,2,False,False,False
02-015-0025,Vítebsk,city,55.198047,30.257963,2,,268,146,1255.0,1889.0,3,129.0,0,1,48.0,0,1,2.0,0,0,28.0,0,1,,1,1,12.0,0,0,364.0,0,261,672.0,145,1799,1,False,False,True
02-015-0026,Vítebsk,city,55.198047,30.257963,2,,200,134,1563.0,2053.0,4,85.0,2,0,27.0,0,0,,0,3,31.0,1,1,,0,0,10.0,0,1,1204.0,0,191,206.0,131,1800,2,False,False,False
02-015-0045,Vítebsk,city,55.178167,30.235442,2,,116,76,676.0,982.0,2,16.0,1,0,5.0,0,1,,0,0,6.0,0,0,,0,0,5.0,0,1,488.0,0,112,156.0,75,1819,1,False,False,False
02-016-0006,Vítebsk,city,55.178686,30.202923,2,,93,47,546.0,892.0,1,32.0,1,0,13.0,0,0,,0,0,15.0,0,0,,0,1,7.0,0,1,195.0,0,90,284.0,46,1841,0,False,False,False
02-016-0014,Vítebsk,city,55.174733,30.215598,2,,244,147,1267.0,1861.0,5,120.0,2,0,19.0,0,1,,0,0,21.0,0,0,,0,0,10.0,0,0,431.0,0,238,666.0,145,1849,1,False,False,True
02-016-0018,Vítebsk,city,55.171216,30.223863,2,,213,126,1494.0,2271.0,2,108.0,0,2,24.0,2,0,18.0,0,2,39.0,1,0,,0,0,10.0,0,4,621.0,0,203,674.0,123,1853,4,False,False,True
02-065-0001,Braslaw,town_below100,55.627524,27.069806,2,,180,112,1450.0,1499.0,1,77.0,1,1,29.0,0,0,10.0,0,0,44.0,0,1,,0,2,11.0,0,3,607.0,0,172,672.0,111,1957,1,True,False,False
02-065-0006,Braslaw,town_below100,55.642118,27.05245,2,,157,91,1566.0,1566.0,3,109.0,0,0,14.0,0,0,14.0,0,1,32.0,0,0,,0,1,15.0,1,0,815.0,0,152,567.0,90,1962,1,False,False,False
02-065-0007,Braslaw,town_below100,55.633892,27.050995,2,,87,51,1001.0,1370.0,2,61.0,1,0,26.0,0,0,,0,0,24.0,0,0,,0,0,17.0,0,1,504.0,0,84,369.0,50,1963,1,False,False,False
02-067-0005,Hlybokaye,town_below100,55.141639,27.679456,2,,244,135,1590.0,1872.0,3,81.0,1,1,39.0,0,1,,1,0,32.0,0,0,,0,1,75.0,0,1,1112.0,0,237,251.0,133,2045,1,False,False,False
02-067-0010,Запрудье,village,55.235991,27.667239,2,,16,8,473.0,515.0,0,19.0,0,0,2.0,0,0,,0,0,2.0,0,0,,0,0,1.0,0,0,305.0,0,16,144.0,8,2050,1,False,False,False
02-071-0015,Домжерицы,village,54.747319,28.31541,2,,36,19,459.0,559.0,0,11.0,0,0,5.0,0,1,4.0,1,1,9.0,1,1,,0,0,8.0,0,0,383.0,0,33,41.0,17,2147,1,False,False,False
02-072-0011,Адаменки,village,55.042076,30.786729,2,,33,16,531.0,633.0,0,33.0,0,0,9.0,0,0,,0,0,13.0,0,0,,0,0,15.0,0,1,298.0,0,32,163.0,16,2163,4,False,False,False
02-072-0020,Liozna,town_below100,55.025536,30.802456,2,,162,79,1774.0,2071.0,3,172.0,2,1,50.0,1,0,9.0,0,1,50.0,0,1,,0,0,23.0,0,2,908.0,0,154,562.0,76,2172,0,False,False,False
02-073-0004,Dzisna,town_below100,55.553233,28.213065,2,,133,71,1113.0,1300.0,2,22.0,0,0,25.0,0,0,5.0,0,2,39.0,1,1,,0,0,19.0,0,0,543.0,0,128,460.0,70,2176,2,False,False,False
02-074-0004,Navapolack,town_over100,55.536701,28.631132,2,,375,218,1824.0,2298.0,3,170.0,2,0,46.0,0,3,,2,6,57.0,3,0,,0,1,26.0,1,2,946.0,1,360,579.0,209,1910,3,False,False,False
02-074-0018,Navapolack,town_over100,55.522444,28.669472,2,,236,143,1599.0,2078.0,3,128.0,1,0,11.0,0,0,,0,2,32.0,1,1,,0,1,4.0,1,0,992.0,0,229,432.0,140,1924,2,False,False,False
02-074-0019,Navapolack,town_over100,55.522444,28.669472,2,,211,120,1538.0,1738.0,3,112.0,2,0,16.0,0,0,,0,2,22.0,1,0,,0,0,21.0,0,1,793.0,0,205,574.0,117,1925,1,False,False,False
02-075-0005,Orsha,town_over100,54.533367,30.444983,2,,136,78,896.0,1351.0,0,74.0,0,2,21.0,0,1,,0,1,16.0,0,0,,0,0,14.0,0,4,393.0,0,128,378.0,78,2197,2,False,False,False
02-075-0019,Orsha,town_over100,54.510924,30.414449,2,,109,68,1293.0,1414.0,4,15.0,3,1,16.0,1,0,,0,0,13.0,0,0,,0,0,7.0,0,2,1082.0,0,102,160.0,64,2211,2,False,False,False
02-075-0051,Orsha,town_over100,54.504395,30.370971,2,,74,33,948.0,1026.0,0,33.0,0,0,11.0,0,0,4.0,0,1,9.0,0,0,,0,0,14.0,0,0,796.0,0,73,81.0,33,2243,1,False,False,False
02-076-0008,Polack,town_below100,55.498852,28.748613,2,,305,168,1936.0,2082.0,5,95.0,0,2,18.0,1,0,,0,1,45.0,0,2,,1,1,11.0,1,1,1221.0,0,293,546.0,165,2299,3,False,False,False
02-076-0020,Polack,town_below100,55.478291,28.829758,2,,142,81,1436.0,1684.0,3,32.0,2,0,5.0,0,1,,0,3,4.0,0,1,,0,1,9.0,0,0,1205.0,0,133,181.0,79,2311,1,False,False,False
02-076-0039,Гомель,village,55.291341,28.754659,2,,29,20,441.0,467.0,1,7.0,0,0,4.0,0,0,1.0,0,1,5.0,1,0,,0,0,4.0,0,0,369.0,0,27,51.0,19,2330,1,False,False,False
02-076-0040,Заозерье,village,55.394822,28.829075,2,,35,13,477.0,511.0,0,8.0,0,0,2.0,0,0,2.0,0,0,5.0,0,0,,0,0,4.0,0,0,399.0,0,35,57.0,13,2331,1,False,False,False
02-077-0006,Pastavy,town_below100,55.10822,26.849566,2,,193,105,1465.0,1895.0,2,35.0,1,2,12.0,1,0,,0,2,13.0,0,1,,0,1,11.0,0,0,1072.0,0,185,322.0,103,2348,1,False,False,False
02-077-0008,Pastavy,town_below100,55.118441,26.880109,2,,316,176,2175.0,2784.0,7,46.0,2,1,46.0,0,0,45.0,0,6,38.0,2,1,,0,0,17.0,0,1,1503.0,0,300,480.0,172,2350,6,False,False,False
02-077-0019,Воропаево,town_below100,55.145879,27.2075,2,,130,59,999.0,1203.0,3,61.0,0,0,27.0,0,0,,0,1,32.0,1,0,,0,0,15.0,0,1,389.0,1,125,475.0,57,2361,2,False,False,False
02-081-0001,Ushachy,town_below100,55.179822,28.616902,2,,184,105,1493.0,2020.0,4,134.0,3,1,32.0,0,0,16.0,0,5,45.0,1,0,,0,1,24.0,1,2,521.0,0,171,721.0,100,2423,0,False,False,False
02-082-0020,Novalukoml,town_below100,54.652339,29.137386,2,,262,141,2919.0,2965.0,4,240.0,2,0,79.0,0,0,23.0,0,2,70.0,0,0,,0,0,41.0,0,6,1439.0,0,250,1027.0,139,2454,0,True,False,False
02-143-0008,Зароново,village,55.301531,29.889321,2,,18,8,312.0,373.0,0,10.0,0,0,2.0,0,0,,0,0,2.0,0,0,,0,0,4.0,0,0,232.0,0,18,62.0,8,2019,1,False,False,True
02-143-0016,Мазоловский сельский Совет,city,55.253799,30.139556,2,,120,66,1296.0,1525.0,3,85.0,0,0,28.0,0,0,,0,2,38.0,1,1,,0,0,23.0,0,2,591.0,0,112,531.0,65,2027,2,False,False,False
02-143-0019,Новка,city,55.134157,30.150165,2,,223,124,1946.0,2377.0,3,124.0,0,0,40.0,0,1,,1,1,36.0,0,0,,0,1,25.0,1,0,957.0,0,217,764.0,122,2030,1,False,False,True
02-143-0022,Октябрьская,city,55.128418,30.259346,2,,236,126,1787.0,2486.0,4,101.0,1,2,79.0,0,0,,0,3,59.0,1,0,,0,1,15.0,0,5,1063.0,0,221,470.0,124,2033,3,False,False,False
03-019-0049,Homel,city,52.468264,30.967686,3,,239,125,1468.0,2256.0,4,92.0,1,0,38.0,0,0,13.0,0,2,43.0,1,4,,0,0,22.0,0,2,640.0,0,227,620.0,123,2550,2,False,True,True
03-085-0009,Кривча,village,51.74334,30.428068,3,,2,0,187.0,190.0,0,3.0,0,0,1.0,0,0,1.0,0,0,1.0,0,0,,0,0,1.0,0,0,173.0,0,2,7.0,0,2715,0,False,False,True
03-087-0009,Хальч,village,52.562778,31.140216,3,,45,15,851.0,907.0,1,15.0,0,0,3.0,0,0,2.0,0,0,5.0,0,0,,0,0,16.0,0,0,763.0,0,44,47.0,15,2769,1,False,False,False
03-088-0027,Ленино,village,52.183839,31.682547,3,,24,9,555.0,583.0,0,11.0,0,0,6.0,0,0,,0,0,12.0,0,0,,0,0,7.0,0,1,411.0,0,23,108.0,9,2857,0,False,False,False
03-091-0012,Zhlobin,town_below100,52.895187,30.055046,3,,189,86,1238.0,1450.0,3,108.0,1,0,5.0,0,1,,1,2,9.0,1,0,,0,0,28.0,0,0,883.0,0,183,205.0,83,2958,2,False,False,False
03-091-0014,Zhlobin,town_below100,52.895378,30.039272,3,,209,109,1155.0,1605.0,6,109.0,0,0,18.0,0,0,,0,1,24.0,0,2,,0,1,13.0,0,1,416.0,0,198,575.0,109,2960,2,False,False,True
03-091-0015,Zhlobin,town_below100,52.892272,30.036447,3,,180,105,1422.0,1462.0,1,65.0,1,1,3.0,0,0,9.0,0,0,9.0,0,1,,0,0,7.0,0,0,853.0,0,177,476.0,104,2961,1,False,False,False
03-091-0016,Zhlobin,town_below100,52.891147,29.99976,3,,147,72,939.0,1010.0,3,68.0,1,0,20.0,0,1,,0,0,20.0,0,0,,0,0,17.0,0,2,322.0,0,141,492.0,71,2962,2,False,False,False
03-091-0017,Zhlobin,town_below100,52.901947,30.014555,3,,282,143,1984.0,2180.0,2,72.0,2,1,62.0,1,0,14.0,0,2,42.0,0,1,,0,1,74.0,0,0,1361.0,0,275,359.0,140,2963,5,False,False,False
03-091-0018,Zhlobin,town_below100,52.905065,30.014088,3,,133,59,711.0,1048.0,1,52.0,1,1,12.0,0,0,6.0,0,1,23.0,0,0,,0,0,5.0,0,3,227.0,0,127,389.0,58,2964,1,False,False,True
03-091-0021,Zhlobin,town_below100,52.902126,30.057207,3,,254,125,1788.0,2059.0,2,110.0,0,1,36.0,0,0,,0,1,24.0,0,1,,0,0,10.0,0,2,811.0,0,247,797.0,125,2967,4,False,False,False
03-091-0022,Zhlobin,town_below100,52.904701,30.048503,3,,418,205,1883.0,2235.0,6,131.0,2,0,46.0,0,0,,0,0,32.0,0,3,,0,1,18.0,0,1,902.0,0,407,754.0,203,2968,3,False,False,False
03-091-0026,Zhlobin,town_below100,52.904831,30.0396,3,,433,242,2487.0,2700.0,6,184.0,2,2,56.0,1,1,,0,1,56.0,0,1,,1,1,23.0,1,0,799.0,0,421,1369.0,237,2972,4,True,False,True
03-091-0027,Zhlobin,town_below100,52.908085,30.038227,3,,610,340,2238.0,2550.0,7,72.0,1,3,58.0,0,1,19.0,0,2,61.0,0,0,,0,1,24.0,0,2,558.0,0,594,1446.0,339,2973,4,False,False,False
03-091-0028,Zhlobin,town_below100,52.903924,30.040561,3,,201,92,1447.0,1660.0,6,55.0,2,1,15.0,1,0,3.0,0,0,28.0,0,0,,0,1,11.0,0,0,974.0,0,193,361.0,89,2974,2,False,False,False
03-091-0030,Zhlobin,town_below100,52.903641,30.042575,3,,233,126,1626.0,1910.0,3,142.0,2,1,41.0,0,1,,0,6,41.0,3,0,,0,1,16.0,0,1,699.0,0,220,687.0,121,2976,1,False,False,False
03-091-0032,Zhlobin,town_below100,52.908085,30.038227,3,,471,264,2271.0,2435.0,9,172.0,4,2,51.0,0,1,23.0,0,2,46.0,1,1,,1,1,24.0,1,6,527.0,1,449,1428.0,256,2978,9,False,False,False
03-091-0033,Zhlobin,town_below100,52.910414,30.046769,3,,405,232,2139.0,2413.0,5,241.0,1,2,9.0,2,0,,0,1,15.0,0,0,,0,0,49.0,0,4,941.0,0,393,884.0,229,2979,2,False,False,False
03-091-0036,Стрешин,village,52.728784,30.10948,3,,57,23,604.0,814.0,0,33.0,0,0,13.0,0,0,,0,0,8.0,0,0,,0,1,7.0,0,0,287.0,0,56,256.0,23,2982,0,False,True,True
03-091-0046,Лукский,village,52.970371,29.959956,3,,96,48,916.0,1117.0,4,58.0,1,0,18.0,0,0,11.0,0,0,21.0,0,0,,0,1,7.0,0,0,470.0,0,91,331.0,47,2992,3,False,False,False
03-091-0047,Новые Луки,village,52.951315,30.004952,3,,41,23,703.0,875.0,0,36.0,0,0,16.0,0,0,,0,0,20.0,0,0,,0,0,8.0,0,0,400.0,0,41,223.0,23,2993,2,False,False,False
03-096-0008,Mazyr,town_over100,52.045862,29.264848,3,,125,74,1179.0,1451.0,3,104.0,1,0,18.0,0,0,7.0,0,4,26.0,2,2,,0,0,19.0,0,0,608.0,0,116,397.0,71,3157,1,True,False,True
03-096-0023,Mazyr,town_over100,52.049019,29.267301,3,,202,113,1843.0,2040.0,6,110.0,1,1,84.0,0,0,,0,2,51.0,0,0,,0,0,39.0,0,4,953.0,0,189,606.0,112,3172,1,False,False,True
03-096-0036,Mazyr,town_over100,52.03317,29.239228,3,,201,122,1774.0,1885.0,3,42.0,1,1,39.0,1,0,32.0,0,1,35.0,1,1,,0,0,37.0,0,1,1162.0,0,194,427.0,119,3185,1,False,False,False
03-096-0038,Mazyr,town_over100,52.08438,29.231566,3,,141,71,1134.0,1621.0,1,65.0,0,1,15.0,0,0,,0,1,16.0,0,0,,0,0,15.0,0,4,629.0,0,134,394.0,71,3187,4,False,False,False
03-096-0039,Mazyr,town_over100,52.08941,29.223921,3,,150,82,1291.0,2083.0,2,68.0,2,0,19.0,0,0,,0,0,18.0,0,0,,0,0,12.0,0,1,514.0,0,147,660.0,80,3188,3,False,True,True
03-100-0057,Свидовка,village,52.340837,30.661028,3,,27,7,547.0,606.0,1,52.0,0,0,7.0,0,0,,0,0,10.0,0,0,,0,0,8.0,0,0,294.0,0,26,176.0,7,3352,1,False,False,False
03-101-0008,Rahachow,town_below100,53.078334,30.05206,3,,140,83,1267.0,1389.0,3,93.0,1,0,32.0,0,0,9.0,0,0,38.0,0,0,,0,0,5.0,0,1,613.0,0,136,477.0,82,3365,1,False,False,False
03-101-0011,Rahachow,town_below100,53.100762,30.065571,3,,150,79,1342.0,1568.0,1,111.0,0,0,43.0,0,0,,0,0,32.0,0,0,,0,0,18.0,0,2,623.0,0,147,515.0,79,3368,0,False,False,False
03-101-0015,Rahachow,town_below100,53.10274,30.067816,3,,226,118,1876.0,1913.0,4,112.0,1,0,9.0,0,0,,0,0,16.0,0,0,,0,0,39.0,0,4,1297.0,0,218,403.0,117,3372,3,False,False,False
03-101-0029,Хатовня,village,53.281034,30.530332,3,,19,7,425.0,589.0,0,27.0,0,0,3.0,0,0,,0,0,4.0,0,0,,0,0,7.0,0,3,283.0,0,16,101.0,7,3386,0,False,False,False
03-101-0036,Звонец,village,53.235532,30.432164,3,,14,7,333.0,375.0,0,24.0,0,0,10.0,0,0,,0,1,10.0,0,0,,0,0,8.0,0,0,164.0,0,13,117.0,7,3393,0,False,False,False
03-101-0037,Ильич,village,53.261287,30.422296,3,,54,23,516.0,631.0,0,39.0,0,0,10.0,0,0,,0,0,7.0,0,1,,0,0,6.0,0,1,201.0,0,52,253.0,23,3394,1,False,False,False
03-102-0003,Svietlahоrsk,town_below100,52.627943,29.751573,3,,128,71,1458.0,1575.0,3,80.0,0,0,25.0,0,0,4.0,0,0,15.0,0,0,,0,0,16.0,0,1,1002.0,0,124,316.0,71,3410,3,False,False,False
04-021-0008,Hrodna,city,53.686351,23.834631,4,,224,135,897.0,978.0,1,125.0,0,3,18.0,1,1,,0,6,21.0,5,0,,0,1,5.0,0,2,298.0,0,210,430.0,129,3506,3,False,False,False
04-021-0023,Hrodna,city,53.693362,23.80531,4,,312,195,1537.0,1682.0,1,40.0,0,0,15.0,0,0,,0,0,22.0,0,0,,0,1,12.0,1,0,878.0,0,310,570.0,194,3521,4,False,False,False
04-021-0032,Hrodna,city,53.706433,23.811535,4,,151,84,892.0,1047.0,2,86.0,1,1,18.0,1,0,,0,0,20.0,0,1,,0,0,12.0,0,5,455.0,1,142,301.0,81,3530,2,False,False,False
04-021-0044,Hrodna,city,53.698294,23.840362,4,,292,176,1602.0,1667.0,5,99.0,2,0,42.0,0,1,,1,0,29.0,0,0,,0,2,29.0,1,1,929.0,0,283,474.0,172,3542,2,False,False,False
04-021-0048,Hrodna,city,53.699898,23.850145,4,,209,122,1451.0,1867.0,6,38.0,1,0,11.0,0,1,13.0,1,0,15.0,0,1,,0,1,38.0,1,2,713.0,1,198,620.0,118,3546,1,False,False,True
04-022-0067,Hrodna,city,53.674287,23.805202,4,,423,278,1668.0,2084.0,6,128.0,1,1,35.0,1,0,,0,0,47.0,0,0,,0,2,29.0,1,2,427.0,0,412,1002.0,275,3565,2,False,False,True
04-022-0070,Hrodna,city,53.672431,23.766952,4,,561,374,1937.0,2293.0,6,5.0,3,0,4.0,0,2,,1,5,7.0,1,1,,0,1,6.0,0,1,881.0,0,545,1034.0,369,3568,2,False,False,False
04-022-0080,Hrodna,city,53.66852,23.794881,4,,283,201,1677.0,1889.0,5,118.0,2,1,35.0,0,0,,0,2,28.0,1,1,,0,0,18.0,0,1,523.0,0,273,955.0,198,3578,2,False,False,False
04-022-0081,Hrodna,city,53.66852,23.794881,4,,311,205,2067.0,2094.0,1,61.0,0,4,42.0,1,0,,0,1,53.0,0,1,,0,1,51.0,0,2,1057.0,0,301,803.0,204,3579,0,False,False,False
04-022-0085,Hrodna,city,53.655966,23.811904,4,,133,79,815.0,892.0,2,65.0,1,0,12.0,0,0,,0,0,18.0,0,1,,0,0,9.0,0,0,262.0,0,130,449.0,78,3583,0,False,False,False
04-022-0107,Hrodna,city,53.644342,23.843632,4,,275,180,1791.0,1993.0,6,89.0,2,2,25.0,0,1,13.0,1,0,30.0,0,1,,0,0,18.0,0,3,907.0,1,262,709.0,176,3605,2,True,False,False
04-022-0110,Hrodna,city,53.64542,23.843704,4,,508,306,2166.0,2395.0,4,82.0,1,2,1.0,1,0,,0,3,38.0,1,0,,0,0,36.0,0,0,945.0,0,499,1064.0,303,3608,4,False,False,False
04-022-0117,Hrodna,city,53.656067,23.842204,4,,246,140,1410.0,1891.0,2,108.0,1,1,19.0,1,0,4.0,0,1,35.0,0,1,,0,2,18.0,0,2,405.0,0,237,819.0,138,3615,2,False,False,False
04-022-0121,Hrodna,city,53.662124,23.844513,4,,250,157,1687.0,1795.0,3,25.0,1,0,18.0,0,0,,0,2,10.0,2,2,,0,0,15.0,0,1,922.0,0,242,697.0,154,3619,0,False,False,False
04-022-0122,Hrodna,city,53.658565,23.852049,4,,342,211,1606.0,1987.0,6,48.0,0,2,11.0,1,0,,0,1,12.0,0,2,,0,0,13.0,0,5,879.0,0,326,643.0,210,3620,2,False,False,False
04-022-0123,Hrodna,city,53.658565,23.852049,4,,357,220,1539.0,1694.0,3,77.0,0,0,26.0,0,1,,0,2,25.0,1,0,,0,0,11.0,0,2,734.0,1,349,666.0,218,3621,1,False,False,False
04-022-0125,Hrodna,city,53.668867,23.852391,4,,269,163,1200.0,1482.0,1,126.0,1,0,20.0,0,0,11.0,0,0,14.0,0,2,,0,0,13.0,0,4,307.0,0,262,709.0,162,3623,3,False,False,False
04-022-0128,Hrodna,city,53.672799,23.848088,4,,344,235,1809.0,1897.0,4,132.0,1,2,22.0,2,0,,0,2,27.0,1,0,,0,1,20.0,0,0,678.0,0,335,930.0,231,3626,2,False,False,False
04-022-0134,Hrodna,city,53.684548,23.856559,4,,328,208,1620.0,1800.0,8,40.0,3,1,29.0,0,0,,0,1,40.0,1,2,,0,0,14.0,0,1,1066.0,0,315,431.0,204,3632,3,False,False,False
04-022-0135,Hrodna,city,53.687918,23.859038,4,,312,198,1383.0,1387.0,3,49.0,2,1,22.0,1,0,12.0,0,1,32.0,0,0,,0,2,17.0,2,2,411.0,0,303,844.0,193,3633,0,False,False,False
04-105-0011,Пархимовцы,village,53.260829,24.050371,4,,22,8,427.0,452.0,0,26.0,0,0,6.0,0,0,,0,0,9.0,0,0,,0,0,5.0,0,0,258.0,0,22,123.0,8,3644,1,False,False,True
04-106-0011,Vawkavysk,town_below100,53.161641,24.454594,4,,268,146,2184.0,2296.0,4,134.0,2,0,21.0,0,0,,0,2,31.0,1,0,,0,0,21.0,0,1,1129.0,0,261,848.0,143,3658,0,True,False,False
04-110-0003,Iwye,town_below100,53.932225,25.764194,4,,156,78,1088.0,1401.0,1,83.0,1,0,10.0,0,0,,0,0,22.0,0,1,,0,2,6.0,0,0,408.0,0,152,559.0,77,3785,3,False,False,False
04-110-0013,Бакшты,village,53.93814,26.186178,4,,53,31,653.0,688.0,0,19.0,0,0,4.0,0,0,,0,0,10.0,0,0,,0,1,9.0,1,1,382.0,0,51,229.0,30,3795,1,False,False,False
04-112-0002,Lida,town_over100,53.912129,25.243603,4,,222,109,1146.0,1435.0,7,74.0,2,0,25.0,0,0,13.0,0,1,37.0,0,1,,0,1,12.0,0,3,351.0,0,209,634.0,107,3827,0,False,False,False
04-112-0007,Lida,town_over100,53.896342,25.276301,4,,251,124,1443.0,1609.0,3,78.0,1,2,8.0,1,1,,0,1,2.0,1,0,,0,0,6.0,0,3,746.0,0,241,603.0,121,3832,3,False,False,False
04-112-0010,Lida,town_over100,53.897567,25.262198,4,,354,205,1914.0,2354.0,6,88.0,2,0,47.0,0,0,21.0,0,6,47.0,0,1,,1,0,20.0,0,3,952.0,1,338,739.0,201,3835,1,False,False,False
04-112-0012,Lida,town_over100,53.895901,25.25538,4,,381,228,2092.0,2860.0,8,132.0,4,3,48.0,0,1,14.0,0,0,49.0,0,0,,0,0,25.0,0,4,772.0,2,365,1052.0,222,3837,2,False,False,False
04-112-0016,Lida,town_over100,53.891259,25.271783,4,,306,168,1839.0,2467.0,4,144.0,0,1,37.0,0,0,169.0,0,1,44.0,1,0,,0,0,19.0,0,9,674.0,1,291,752.0,166,3841,5,False,False,False
04-112-0020,Lida,town_over100,53.893731,25.287261,4,,174,101,1228.0,1612.0,3,72.0,2,0,39.0,0,2,12.0,1,0,47.0,0,1,,0,3,30.0,2,1,521.0,1,164,507.0,95,3845,1,False,False,True
04-112-0024,Lida,town_over100,53.895201,25.298328,4,,183,94,1040.0,1319.0,5,55.0,1,0,17.0,0,1,8.0,0,2,21.0,1,2,,0,0,12.0,0,1,499.0,1,172,428.0,91,3849,1,False,False,False
04-112-0025,Lida,town_over100,53.899891,25.318396,4,,209,103,1300.0,1484.0,3,41.0,1,1,7.0,0,1,2.0,0,1,13.0,1,1,,0,1,4.0,0,4,675.0,1,197,558.0,100,3850,2,False,False,False
04-112-0026,Lida,town_over100,53.900098,25.314929,4,,234,125,1179.0,1524.0,1,56.0,1,0,31.0,0,0,3.0,0,1,20.0,0,0,,0,0,3.0,0,1,641.0,0,231,425.0,124,3851,3,False,False,False
04-112-0028,Lida,town_over100,53.894209,25.310321,4,,184,94,1033.0,1292.0,2,49.0,1,0,10.0,0,0,6.0,0,2,10.0,1,0,,0,0,4.0,0,0,521.0,0,180,433.0,92,3853,1,False,False,False
04-112-0029,Lida,town_over100,53.882725,25.299424,4,,158,88,1148.0,1195.0,2,87.0,0,0,24.0,0,0,,0,5,24.0,2,0,,0,0,4.0,0,2,510.0,0,149,499.0,86,3854,1,False,False,False
04-112-0032,Lida,town_over100,53.88981,25.302254,4,,157,95,971.0,1276.0,3,61.0,1,0,17.0,0,0,9.0,0,1,28.0,0,0,,0,0,9.0,0,3,354.0,0,150,493.0,94,3857,1,False,False,False
04-112-0036,Lida,town_over100,53.870023,25.286318,4,,171,89,1492.0,1669.0,1,59.0,0,1,21.0,0,0,,0,3,21.0,1,0,,0,1,12.0,1,0,988.0,0,165,391.0,87,3861,1,False,False,False
04-112-0044,Lida,town_over100,53.875321,25.338429,4,,225,119,1406.0,1844.0,7,127.0,2,3,11.0,0,0,10.0,0,2,29.0,0,0,,0,0,27.0,0,1,867.0,0,212,335.0,117,3869,4,False,False,False
04-112-0055,Первомайский,village,53.885511,25.414678,4,,79,36,852.0,1024.0,2,77.0,1,0,23.0,0,0,8.0,0,0,24.0,0,0,,0,0,15.0,0,0,347.0,0,77,358.0,35,3880,1,False,False,False
04-112-0059,Можейково,village,53.722398,24.986307,4,,49,21,712.0,808.0,0,34.0,0,1,8.0,0,0,4.0,0,0,3.0,0,0,,0,0,6.0,0,1,441.0,0,47,216.0,21,3884,0,False,False,False
04-112-0064,Минойты,village,53.7979,25.367804,4,,95,47,765.0,929.0,2,48.0,1,2,17.0,2,1,,0,0,9.0,0,0,,0,0,8.0,0,1,316.0,0,89,367.0,44,3889,1,False,False,False
04-112-0065,Шейбаки,town_below100,53.861055,25.328583,4,,101,51,696.0,826.0,1,4.0,0,0,12.0,0,0,,0,0,16.0,0,0,,0,1,13.0,0,0,355.0,0,99,296.0,51,3890,1,False,False,False
04-112-0070,Byarozawka,town_below100,53.713372,25.499479,4,,242,131,1942.0,2140.0,3,42.0,1,3,15.0,0,1,,0,0,16.0,0,0,,0,0,13.0,0,5,1107.0,0,230,749.0,130,3895,0,False,False,True
04-114-0001,Navahrudak,town_below100,53.595702,25.82007,4,,109,49,716.0,953.0,1,7.0,0,1,2.0,0,0,,0,2,6.0,2,1,,0,0,7.0,0,3,573.0,0,101,121.0,47,3928,1,False,False,False
04-114-0004,Navahrudak,town_below100,53.58179,25.8031,4,,200,105,1318.0,1661.0,1,115.0,0,0,30.0,0,1,17.0,0,1,37.0,1,3,,0,0,17.0,0,3,598.0,1,191,504.0,103,3931,2,False,False,False
04-115-0002,Astravyets,town_below100,54.615308,25.971139,4,,76,44,763.0,845.0,1,69.0,0,0,15.0,0,0,,0,0,21.0,0,0,,0,1,5.0,1,2,344.0,0,72,309.0,43,3968,1,False,False,False
04-115-0003,Astravyets,town_below100,54.622831,25.963117,4,,166,100,1193.0,1350.0,3,101.0,1,0,22.0,0,0,,0,0,21.0,0,0,,0,0,13.0,0,0,406.0,0,163,630.0,99,3969,0,False,False,False
04-115-0005,Astravyets,town_below100,54.61449,25.959282,4,,216,104,1748.0,1812.0,3,165.0,1,0,27.0,0,0,,0,0,23.0,0,2,,0,0,14.0,0,1,929.0,0,210,590.0,103,3971,2,False,False,False
04-117-0011,Гринки,village,52.955258,24.13176,4,,16,5,393.0,409.0,0,26.0,0,0,2.0,0,0,,0,0,11.0,0,0,,0,0,6.0,0,1,240.0,0,15,108.0,5,4029,0,False,False,False
04-117-0014,Новый Двор,village,52.829149,24.351809,4,,25,6,689.0,709.0,0,50.0,0,0,13.0,0,0,,0,0,3.0,0,0,,0,0,4.0,0,4,507.0,1,21,112.0,5,4032,1,False,False,False
04-118-0004,Slonim,town_below100,53.0949,25.349802,4,,110,60,1016.0,1096.0,0,58.0,0,0,11.0,0,2,,0,0,18.0,0,0,,0,1,22.0,1,1,500.0,1,106,407.0,58,4040,2,False,False,False
04-118-0019,Slonim,town_below100,53.078139,25.389947,4,,167,93,1556.0,1701.0,1,67.0,0,1,18.0,1,0,,0,0,17.0,0,0,,0,1,10.0,1,2,949.0,0,162,495.0,91,4055,3,False,False,True
04-118-0027,Slonim,town_below100,53.071583,25.313761,4,,274,165,1389.0,1870.0,2,9.0,0,1,7.0,1,0,2.0,0,2,4.0,1,0,,0,1,13.0,0,3,837.0,0,265,517.0,163,4063,1,False,False,False
04-119-0007,Smarhon,town_below100,54.474663,26.422282,4,,277,157,1893.0,1971.0,3,120.0,1,4,40.0,3,2,16.0,1,3,51.0,0,0,,0,0,25.0,0,3,770.0,1,262,871.0,151,4090,0,False,False,False
04-119-0008,Smarhon,town_below100,54.477185,26.417054,4,,210,116,1153.0,1558.0,3,92.0,2,1,21.0,0,0,,0,1,22.0,1,0,,0,0,15.0,0,3,386.0,0,202,617.0,113,4091,3,False,False,False
04-119-0013,Smarhon,town_below100,54.478012,26.393976,4,,143,88,1137.0,1350.0,1,91.0,0,0,18.0,0,1,,0,0,24.0,0,0,,0,1,25.0,0,0,525.0,0,140,454.0,88,4096,4,False,False,False
04-119-0016,Smarhon,town_below100,54.485,26.371788,4,,188,97,1509.0,1845.0,3,66.0,0,1,22.0,1,0,15.0,0,1,18.0,1,0,,0,0,17.0,0,1,707.0,0,182,664.0,95,4099,1,False,False,False
04-119-0019,Smarhon,town_below100,54.485586,26.380708,4,,208,108,1617.0,1828.0,2,93.0,0,0,8.0,0,0,,0,2,15.0,1,0,,0,0,5.0,0,2,1195.0,0,202,301.0,107,4102,2,False,False,False
04-119-0029,Осиновщизна,village,54.510657,26.335667,4,,71,35,1157.0,1276.0,1,29.0,0,0,29.0,0,0,,0,1,13.0,0,1,,0,1,19.0,0,0,691.0,0,67,376.0,35,4112,1,False,True,True
04-145-0002,Skidzieĺ,town_below100,53.573995,24.237777,4,,146,83,1296.0,1396.0,1,48.0,0,2,4.0,0,0,,0,1,27.0,0,0,,0,1,16.0,1,2,806.0,0,139,395.0,82,3715,1,False,False,False
04-145-0019,Коробчицы,city,53.605988,23.749013,4,,416,256,1576.0,1636.0,9,29.0,3,2,11.0,1,1,,0,1,11.0,1,1,,1,0,16.0,0,1,779.0,1,401,730.0,249,3732,2,False,False,False
04-145-0023,Aziory,village,53.720006,24.179396,4,,124,79,1159.0,1235.0,1,36.0,0,2,7.0,2,1,,1,5,10.0,2,0,,0,0,4.0,0,1,677.0,0,114,425.0,74,3736,1,False,False,False
04-145-0024,Aziory,village,53.721855,24.181525,4,,98,68,1091.0,1157.0,4,58.0,0,0,14.0,0,0,,0,1,24.0,0,2,,0,0,13.0,0,2,558.0,0,89,424.0,68,3737,1,False,False,False
05-026-0005,Borisov,town_over100,54.222016,28.521079,5,,72,35,575.0,741.0,3,34.0,1,0,5.0,0,0,,0,1,10.0,1,1,,0,0,8.0,0,1,329.0,0,66,189.0,33,4210,1,False,False,False
05-026-0011,Borisov,town_over100,54.20294,28.47372,5,,250,138,1647.0,2025.0,7,99.0,3,1,21.0,0,0,,0,3,20.0,0,1,,0,1,16.0,0,3,636.0,1,234,855.0,134,4216,1,False,False,True
05-026-0016,Borisov,town_over100,54.206537,28.47708,5,,148,93,1068.0,1287.0,3,56.0,1,0,28.0,0,0,,0,0,45.0,0,0,,0,0,26.0,0,2,424.0,1,143,489.0,91,4221,4,False,False,False
05-026-0061,Borisov,town_over100,54.259521,28.520468,5,,172,92,1452.0,1843.0,3,84.0,0,0,12.0,0,0,,0,0,11.0,0,1,,0,0,29.0,0,3,1060.0,0,165,256.0,92,4266,3,False,False,False
05-027-0006,Vileyka,town_below100,54.48047,26.89715,5,,215,121,1348.0,1857.0,1,69.0,1,1,37.0,1,1,13.0,1,0,26.0,0,1,,1,0,14.0,0,0,606.0,0,211,583.0,117,4315,5,False,False,False
05-027-0007,Vileyka,town_below100,54.482882,26.902063,5,,101,49,785.0,892.0,0,36.0,0,0,13.0,0,0,,0,0,15.0,0,2,,0,0,7.0,0,0,299.0,0,99,415.0,49,4316,0,False,False,False
05-027-0018,Daŭhinava,village,54.639683,27.474601,5,,59,32,1076.0,1340.0,1,53.0,1,0,8.0,0,0,12.0,0,0,15.0,0,0,,0,0,40.0,0,0,476.0,0,58,472.0,31,4327,1,False,False,True
05-027-0023,Ilya,village,54.417143,27.294376,5,,134,77,1347.0,1463.0,3,26.0,0,1,7.0,0,0,,0,0,13.0,0,0,,0,0,19.0,0,0,857.0,0,130,425.0,77,4332,2,False,False,False
05-029-0018,Viazań,village,53.739109,27.306647,5,,68,32,389.0,533.0,1,38.0,1,0,2.0,0,2,3.0,1,2,16.0,1,0,,0,0,8.0,0,0,235.0,0,63,87.0,29,4392,2,False,False,False
05-029-0034,Энергетиков,village,53.588423,27.054993,5,,244,129,1592.0,1969.0,4,50.0,1,0,16.0,0,0,,0,4,43.0,2,0,,0,1,20.0,1,5,1083.0,0,230,380.0,125,4408,5,False,False,False
05-034-0014,Zarečča,village,54.398142,27.620509,5,,14,5,393.0,433.0,0,26.0,0,0,4.0,0,0,,0,0,5.0,0,0,,0,0,10.0,0,0,285.0,0,14,63.0,5,4522,2,False,False,True
05-034-0019,Чуденичи,village,54.14202,27.792824,5,,53,33,395.0,482.0,0,26.0,0,0,1.0,0,2,4.0,2,0,7.0,0,0,,0,0,3.0,0,1,177.0,0,50,177.0,31,4527,3,False,False,False
05-036-0003,Maladzeĉna,town_below100,54.308388,26.824386,5,,208,106,1274.0,1736.0,2,65.0,1,0,19.0,0,0,15.0,0,1,28.0,0,0,,0,1,22.0,1,2,576.0,0,202,549.0,104,4683,1,False,False,True
05-036-0004,Maladzeĉna,town_below100,54.30772,26.828429,5,,273,160,1294.0,1881.0,3,297.0,2,1,26.0,0,1,,0,1,36.0,0,1,,1,3,16.0,1,3,491.0,0,260,428.0,156,4684,2,False,False,False
05-036-0017,Maladzeĉna,town_below100,54.298653,26.849,5,,290,143,1680.0,2131.0,2,55.0,1,1,24.0,0,1,,1,3,32.0,3,1,,0,0,25.0,0,0,1225.0,0,282,319.0,138,4697,2,False,False,False
05-036-0023,Maladzeĉna,town_below100,54.304747,26.852117,5,,231,140,1989.0,2229.0,2,134.0,0,1,29.0,0,0,13.0,0,3,25.0,0,1,,0,0,25.0,0,2,1261.0,0,222,502.0,140,4703,2,False,False,False
05-036-0029,Maladzeĉna,town_below100,54.31937,26.870021,5,,256,133,1461.0,1617.0,5,36.0,1,0,17.0,0,1,,0,1,23.0,0,2,,2,1,24.0,0,1,620.0,0,245,741.0,130,4709,3,False,False,False
05-036-0039,Березинское,village,54.22175,26.610417,5,,123,62,1062.0,1210.0,1,22.0,1,0,4.0,0,0,,0,0,5.0,0,0,,0,3,3.0,2,0,711.0,0,119,317.0,59,4719,2,False,False,True
05-036-0044,Красное,village,54.249338,27.078726,5,,114,41,551.0,785.0,1,29.0,0,1,11.0,0,0,15.0,0,0,15.0,0,0,,0,0,8.0,0,0,343.0,0,112,130.0,41,4724,2,False,False,False
05-036-0074,Radashkovichy,town_below100,54.161319,27.232131,5,,198,110,1311.0,1578.0,1,87.0,0,0,15.0,0,1,13.0,0,3,26.0,0,1,,0,0,24.0,0,1,499.0,0,191,647.0,110,4754,1,False,False,False
05-036-0075,Radashkovichy,town_below100,54.15823,27.239632,5,,201,111,1050.0,1560.0,7,62.0,2,0,1.0,0,0,,0,1,4.0,0,0,,0,0,5.0,0,0,471.0,0,193,507.0,109,4755,4,False,False,False
05-036-0076,Radashkovichy,town_below100,54.149535,27.252146,5,,270,136,1173.0,1655.0,6,87.0,3,1,18.0,0,1,,0,1,23.0,0,1,,0,1,18.0,0,1,524.0,0,258,503.0,133,4756,1,False,False,False
05-037-0016,Kryvičy,village,54.715421,27.290755,5,,102,38,1160.0,1337.0,3,79.0,1,0,9.0,0,0,,0,0,16.0,0,0,,0,0,31.0,0,1,618.0,0,98,407.0,37,4772,0,False,False,True
05-038-0004,Nesvizh,town_below100,53.222934,26.670684,5,,350,199,2491.0,2762.0,6,162.0,1,1,34.0,0,1,,0,3,49.0,2,1,,0,2,38.0,1,5,1147.0,0,331,1061.0,195,4784,2,False,False,True
05-039-0005,Swislatsch,village,53.644732,27.921301,5,,255,151,1478.0,1635.0,3,91.0,1,2,18.0,1,0,,0,4,29.0,3,1,,0,0,21.0,0,4,726.0,1,241,593.0,145,4820,5,False,False,True
05-039-0010,Druzhny,village,53.623642,27.892052,5,,251,147,1022.0,1357.0,3,6.0,0,1,4.0,0,1,3.0,0,0,3.0,0,0,,0,0,5.0,0,3,625.0,0,243,376.0,147,4825,3,False,False,False
05-039-0011,Druzhny,village,53.618061,27.893516,5,,186,98,907.0,1462.0,6,69.0,1,0,21.0,0,0,,0,2,28.0,1,0,,0,0,14.0,0,1,267.0,0,177,508.0,96,4826,2,False,False,False
05-039-0012,Заречье,village,53.523459,28.178922,5,,200,99,1932.0,2098.0,6,40.0,2,0,5.0,0,0,,0,5,11.0,1,0,,0,0,19.0,0,1,1368.0,0,188,489.0,96,4827,2,False,False,False
05-039-0042,Maryina Horka,town_below100,53.518336,28.14243,5,,270,140,1813.0,2204.0,9,137.0,3,2,20.0,1,0,,0,2,26.0,2,1,,0,0,15.0,0,1,1173.0,1,255,442.0,133,4857,2,False,False,False
05-039-0048,Maryina Horka,town_below100,53.498496,28.170116,5,,255,120,1666.0,2263.0,6,136.0,2,2,23.0,0,1,11.0,0,2,44.0,1,1,,0,1,23.0,0,3,1048.0,0,239,381.0,117,4863,4,False,False,True
05-040-0002,Sluck,town_below100,53.030948,27.553585,5,,308,167,1972.0,2367.0,4,124.0,0,1,35.0,1,0,,0,3,29.0,3,0,,0,1,26.0,0,1,804.0,0,298,954.0,163,4868,1,False,False,False
05-040-0008,Sluck,town_below100,53.041528,27.566206,5,,295,146,1740.0,1823.0,3,83.0,0,2,38.0,1,0,,0,3,46.0,0,1,,0,0,23.0,0,1,887.0,0,285,663.0,145,4874,2,False,False,False
05-040-0019,Sluck,town_below100,53.017331,27.555426,5,,174,96,1651.0,1812.0,4,88.0,0,0,18.0,0,0,,0,1,26.0,0,0,,0,0,17.0,0,1,945.0,0,168,557.0,96,4885,2,True,True,False
05-040-0028,Sluck,town_below100,53.022271,27.543182,5,,124,53,944.0,1082.0,0,73.0,0,1,18.0,1,0,12.0,0,0,22.0,0,1,,0,0,11.0,0,2,514.0,0,120,294.0,52,4894,1,False,False,True
05-040-0063,Лучники,village,53.044165,27.506818,5,,168,77,1458.0,1702.0,0,95.0,0,1,28.0,0,0,18.0,0,1,36.0,0,0,,0,1,18.0,1,1,698.0,0,164,565.0,76,4929,2,False,False,True
05-041-0008,Smalyavichy,town_below100,54.017173,28.062238,5,,199,103,1177.0,1458.0,5,353.0,1,0,28.0,0,1,10.0,0,2,17.0,1,1,,0,0,27.0,0,1,264.0,0,189,478.0,101,4944,2,False,False,False
05-041-0012,Будагово,village,54.143966,28.302178,5,,103,61,1002.0,1132.0,2,16.0,0,1,3.0,0,0,,0,0,14.0,0,1,,0,1,10.0,0,3,568.0,1,95,391.0,60,4948,2,False,False,False
05-041-0030,Прилепы,village,54.07545,27.836825,5,,175,103,813.0,1173.0,0,44.0,0,0,10.0,0,1,13.0,0,2,12.0,1,1,,0,1,10.0,1,2,279.0,0,168,444.0,101,4966,3,False,False,True
05-041-0035,Smalyavichy,town_below100,54.017173,28.062238,5,,124,66,1018.0,1420.0,3,176.0,0,0,11.0,0,0,14.0,0,1,21.0,1,0,,0,0,18.0,0,0,257.0,0,120,521.0,65,4971,2,False,False,False
05-042-0041,Краснодворцы,village,52.804402,27.437837,5,,94,49,925.0,995.0,0,73.0,0,0,23.0,0,0,9.0,0,1,24.0,0,0,,0,0,24.0,0,1,345.0,0,92,427.0,49,5012,0,False,False,False
05-042-0050,Гаврильчицы,village,52.6361,27.085472,5,,61,29,608.0,712.0,1,75.0,0,0,3.0,0,0,,0,0,2.0,0,0,,0,0,4.0,0,1,308.0,0,59,216.0,29,5021,0,False,False,False
05-042-0056,Ясковичи,village,52.573906,27.515191,5,,14,6,396.0,445.0,0,15.0,0,0,9.0,0,1,3.0,1,0,4.0,0,0,,0,0,6.0,0,0,279.0,0,13,80.0,5,5027,1,False,False,False
05-042-0062,Зажевичи,village,52.792434,27.642994,5,,58,22,691.0,741.0,2,47.0,0,0,7.0,0,0,,0,2,11.0,0,0,,0,0,16.0,0,1,460.0,0,53,150.0,22,5033,1,False,False,True
05-044-0005,Stowbtsy,town_below100,53.490016,26.742729,5,,356,189,2037.0,2138.0,10,126.0,1,1,30.0,1,1,14.0,0,3,52.0,1,2,,0,0,18.0,0,3,908.0,1,336,889.0,185,5064,2,False,False,True
05-044-0007,Stowbtsy,town_below100,53.494848,26.7505,5,,275,127,1594.0,1756.0,5,116.0,0,2,37.0,1,0,11.0,0,2,27.0,0,1,,0,0,12.0,0,6,829.0,1,259,562.0,125,5066,2,False,False,False
05-044-0010,Новоколосово,village,53.518936,26.929687,5,,87,38,1004.0,1209.0,2,85.0,1,0,8.0,0,0,13.0,0,0,23.0,0,0,,0,0,11.0,0,0,512.0,0,85,352.0,37,5069,2,False,False,False
05-044-0025,Засулье,village,53.580689,26.832767,5,,60,29,661.0,794.0,3,47.0,1,0,7.0,0,0,,0,0,15.0,0,0,,0,0,19.0,0,1,343.0,0,56,230.0,28,5084,1,False,False,False
05-045-0012,Яченка,village,53.570584,27.563924,5,,31,11,296.0,308.0,1,25.0,0,0,6.0,0,0,,0,0,8.0,0,0,,0,0,5.0,0,1,124.0,0,29,128.0,11,5108,0,False,False,False
05-045-0018,Кухтичи,village,53.462084,27.137575,5,,33,14,625.0,692.0,0,20.0,0,0,6.0,0,0,16.0,0,0,9.0,0,0,,0,1,14.0,0,0,392.0,0,32,168.0,14,5114,1,False,False,True
05-046-0022,Zapollie,village,53.76467,27.993867,5,,215,125,1458.0,1806.0,6,70.0,3,0,18.0,0,0,5.0,0,0,29.0,0,1,,0,1,17.0,0,6,671.0,0,201,648.0,122,5139,2,True,True,True
05-141-0003,Borovlyany,minsk_suburb,53.997901,27.681891,5,,510,299,1538.0,2389.0,13,121.0,5,6,33.0,3,0,12.0,0,2,28.0,0,1,,0,0,17.0,0,4,291.0,0,484,1048.0,291,4575,3,False,False,False
05-141-0005,Borovlyany,minsk_suburb,53.990353,27.675055,5,,506,335,1484.0,2369.0,11,93.0,4,1,21.0,0,0,,0,4,32.0,1,1,,0,1,13.0,0,1,323.0,0,487,1002.0,330,4577,4,False,False,False
05-141-0008,Лесковка,minsk_suburb,53.998976,27.719944,5,,549,327,1437.0,2144.0,11,69.0,7,0,9.0,0,0,16.0,0,5,31.0,1,2,,1,2,11.0,1,6,613.0,0,523,688.0,317,4580,6,False,False,True
05-141-0011,Боровлянский сельский Совет,minsk_suburb,54.009057,27.679385,5,,616,422,1263.0,1821.0,15,96.0,2,0,10.0,0,2,5.0,1,4,17.0,2,3,,0,0,10.0,0,3,178.0,1,589,947.0,416,4583,7,False,False,False
05-141-0014,Лесковка,minsk_suburb,54.005194,27.707026,5,,429,291,1239.0,1818.0,7,68.0,4,1,16.0,0,0,12.0,0,3,23.0,2,0,,0,2,13.0,2,0,270.0,0,416,837.0,283,4586,4,False,False,False
05-141-0015,Лесковка,minsk_suburb,54.005215,27.712326,5,,281,168,1173.0,1680.0,5,85.0,1,1,7.0,1,0,,0,0,14.0,0,0,,0,0,20.0,0,1,395.0,0,274,652.0,166,4587,1,False,False,True
05-141-0017,Боровлянский сельский Совет,minsk_suburb,54.004982,27.683553,5,,465,319,1231.0,1830.0,9,82.0,2,1,18.0,0,1,4.0,1,2,18.0,0,0,,0,1,14.0,0,2,235.0,0,449,860.0,316,4589,4,False,False,False
05-141-0018,Боровлянский сельский Совет,minsk_suburb,54.004143,27.683612,5,,363,245,1125.0,1550.0,6,68.0,3,2,16.0,2,0,,0,3,10.0,1,0,,0,1,15.0,1,1,356.0,1,350,660.0,237,4590,5,False,False,False
05-141-0019,Lyasny,minsk_suburb,54.000035,27.686318,5,,488,317,1409.0,2125.0,8,100.0,2,2,21.0,1,0,22.0,0,3,21.0,1,0,,0,0,18.0,0,3,242.0,0,472,985.0,313,4591,5,False,False,False
05-141-0025,Minsk,minsk_suburb,53.955193,27.674354,5,,812,571,1737.0,2375.0,12,107.0,5,3,22.0,2,0,14.0,0,3,27.0,0,2,,0,1,14.0,0,6,279.0,1,785,1274.0,563,4597,12,False,False,True
05-141-0040,Tarasava,minsk_suburb,53.924325,27.379455,5,,646,422,1523.0,2411.0,12,62.0,5,1,10.0,1,0,8.0,0,3,12.0,2,1,,0,1,12.0,0,1,153.0,1,627,1266.0,413,4612,8,False,False,False
05-141-0041,Zaslawye,town_below100,54.005067,27.290917,5,,182,102,798.0,855.0,3,23.0,0,0,3.0,0,0,3.0,0,0,10.0,0,1,,0,1,10.0,0,5,396.0,0,172,353.0,102,4613,3,False,False,False
05-141-0044,Zaslawye,town_below100,54.01175,27.264399,5,,472,289,1684.0,2421.0,5,108.0,3,2,24.0,2,1,1.0,1,2,17.0,2,0,,0,0,17.0,0,2,742.0,0,460,775.0,281,4616,5,False,False,False
05-141-0045,Zaslawye,town_below100,54.011089,27.262117,5,,503,314,2005.0,2616.0,16,123.0,6,4,24.0,2,0,23.0,0,3,28.0,2,0,,0,0,69.0,0,1,1037.0,0,479,701.0,304,4617,5,False,False,False
05-141-0046,Zaslawye,town_below100,54.012364,27.304122,5,,173,109,910.0,1275.0,1,57.0,1,0,6.0,0,0,,0,0,15.0,0,1,,0,0,11.0,0,0,420.0,0,171,401.0,108,4618,1,False,False,False
05-141-0048,Kalodziščy,minsk_suburb,53.96365,27.758894,5,,309,185,1063.0,1503.0,7,56.0,2,2,19.0,2,1,,1,2,25.0,0,0,,0,1,12.0,0,3,478.0,0,293,473.0,180,4620,1,False,False,False
05-141-0050,Kalodziščy,minsk_suburb,53.957456,27.782574,5,,300,178,1404.0,1855.0,8,106.0,3,2,24.0,2,0,11.0,0,2,24.0,1,1,,0,2,23.0,0,2,497.0,0,283,719.0,172,4622,12,False,False,False
05-141-0051,Колодищанский сельский Совет,minsk_suburb,53.955601,27.780023,5,,459,298,1490.0,2117.0,7,93.0,3,0,30.0,0,0,,0,1,26.0,1,1,,1,0,15.0,0,3,589.0,1,447,737.0,292,4623,7,False,False,False
05-141-0054,Kalodziščy,minsk_suburb,53.94875,27.793812,5,,720,483,1655.0,2312.0,15,78.0,3,2,10.0,0,0,16.0,0,2,24.0,2,2,,0,2,20.0,2,5,277.0,0,692,1230.0,476,4626,5,False,False,False
05-141-0055,Сухорукие,minsk_suburb,53.939714,27.740003,5,,222,145,679.0,1060.0,2,40.0,2,1,7.0,0,1,6.0,0,2,10.0,1,1,,0,1,11.0,0,0,135.0,0,214,470.0,142,4627,5,False,False,False
05-141-0056,Старина,minsk_suburb,53.949808,27.838055,5,,201,125,711.0,1079.0,1,40.0,0,0,8.0,0,0,,0,1,17.0,1,1,,0,1,12.0,0,0,199.0,0,197,433.0,124,4628,4,False,False,False
05-141-0058,Krupica,village,53.677375,27.535295,5,,208,136,1254.0,1511.0,2,78.0,0,1,10.0,0,0,,0,0,11.0,0,1,,0,0,8.0,0,0,599.0,0,204,548.0,136,4630,5,False,False,False
05-141-0061,Луговая Слобода,village,53.782485,27.83694,5,,150,75,1111.0,1483.0,1,30.0,0,0,17.0,0,0,5.0,0,1,11.0,0,0,,0,0,21.0,0,2,552.0,1,146,475.0,74,4633,2,False,False,True
05-141-0070,Michanavičy,village,53.739827,27.694566,5,,343,210,1305.0,1994.0,8,109.0,3,0,16.0,0,2,13.0,0,1,26.0,0,1,,0,1,25.0,0,4,322.0,1,326,794.0,206,4642,3,False,False,False
05-141-0075,Большой Тростенец,minsk_suburb,53.850794,27.714473,5,,287,157,1255.0,1556.0,7,19.0,2,1,7.0,0,0,15.0,0,1,30.0,0,0,,0,0,11.0,0,2,742.0,0,276,431.0,155,4647,2,False,False,False
05-141-0076,Новодворский сельский Совет,minsk_suburb,53.858123,27.689419,5,,437,288,2243.0,2360.0,8,9.0,3,1,5.0,1,1,4.0,0,2,4.0,1,1,,0,2,10.0,1,1,1597.0,0,421,614.0,282,4648,7,False,False,True
05-141-0077,Hatava,minsk_suburb,53.783996,27.630903,5,,292,164,1262.0,1626.0,7,27.0,0,0,19.0,0,1,24.0,0,2,12.0,0,1,,1,1,15.0,1,6,618.0,1,274,547.0,161,4649,5,False,False,False
05-141-0078,Hatava,minsk_suburb,53.783996,27.630903,5,,388,230,1733.0,2209.0,4,88.0,3,1,34.0,0,0,9.0,0,2,24.0,0,0,,0,1,24.0,1,3,711.0,0,377,834.0,226,4650,5,False,False,False
05-141-0080,Astrašycki Haradok,village,54.066158,27.698114,5,,277,156,862.0,1334.0,4,56.0,1,1,14.0,1,0,,0,4,15.0,2,0,,0,2,17.0,2,3,280.0,1,263,480.0,149,4652,4,False,False,False
05-141-0081,Astrašycki Haradok,village,54.066158,27.698114,5,,326,196,1396.0,2018.0,2,215.0,1,1,20.0,1,0,,0,4,28.0,2,0,,0,1,21.0,1,2,432.0,0,316,680.0,191,4653,7,False,False,False
05-141-0083,Околица,village,54.042786,27.785465,5,,70,36,814.0,1011.0,0,31.0,0,1,6.0,0,0,,0,1,6.0,0,0,,0,0,4.0,0,0,606.0,0,68,161.0,36,4655,3,False,False,False
05-141-0091,Samokhvalovichi,minsk_suburb,53.739385,27.501895,5,,231,145,1094.0,1552.0,1,39.0,0,0,13.0,0,0,5.0,0,1,27.0,1,0,,0,0,14.0,0,1,578.0,0,228,418.0,144,4663,5,False,False,False
05-141-0092,Sienica,minsk_suburb,53.822665,27.517239,5,,636,382,1900.0,2564.0,18,70.0,8,0,28.0,0,0,53.0,0,7,64.0,2,0,,0,4,44.0,2,3,511.0,1,604,1128.0,369,4664,3,False,False,False
05-141-0093,Sienica,minsk_suburb,53.822665,27.517239,5,,570,374,2016.0,2730.0,13,14.0,1,3,20.0,2,0,,0,3,25.0,2,1,,0,1,10.0,0,1,1031.0,0,548,916.0,369,4665,5,False,False,False
05-141-0096,Атолино,minsk_suburb,53.782485,27.436938,5,,319,204,1352.0,1650.0,4,71.0,2,0,12.0,0,0,7.0,0,5,25.0,2,1,,0,0,16.0,0,2,530.0,0,307,691.0,200,4668,4,True,False,True
05-141-0098,Pryluki,minsk_suburb,53.790593,27.450808,5,,525,325,1837.0,2327.0,13,123.0,4,2,27.0,0,0,14.0,0,8,42.0,7,3,,1,0,26.0,0,3,553.0,1,496,1052.0,312,4670,8,True,False,True
05-141-0100,Chaciežyna,minsk_suburb,53.912744,27.307734,5,,531,334,1576.0,1735.0,7,24.0,2,0,7.0,0,0,,0,0,6.0,0,1,,0,1,12.0,1,1,883.0,0,521,644.0,331,4672,5,False,False,False
05-141-0101,Старое Село,minsk_suburb,53.882582,27.259494,5,,173,109,856.0,974.0,5,12.0,2,0,1.0,0,1,,0,1,14.0,1,0,,0,0,10.0,0,1,446.0,0,165,373.0,106,4673,3,False,False,False
05-141-0102,Шершуны,village,54.179677,27.360222,5,,82,41,622.0,792.0,1,32.0,0,0,3.0,0,0,,0,0,16.0,0,0,,0,0,6.0,0,2,437.0,0,79,128.0,41,4674,1,False,False,False
05-141-0103,Новый Двор,village,54.124853,27.359189,5,,73,52,519.0,700.0,0,15.0,0,0,4.0,0,0,,0,0,6.0,0,0,,0,0,4.0,0,2,254.0,0,71,236.0,52,4675,1,False,False,False
05-141-0104,Ščomyslica,minsk_suburb,53.823697,27.448958,5,,338,226,1107.0,1556.0,3,69.0,2,1,5.0,0,2,,1,0,22.0,0,0,,0,2,10.0,1,1,335.0,0,329,666.0,222,4676,6,False,False,False
05-141-0105,Ščomyslica,minsk_suburb,53.824903,27.449533,5,,220,160,988.0,1380.0,2,54.0,2,2,13.0,2,0,,0,1,15.0,1,0,,0,0,8.0,0,3,338.0,1,212,560.0,154,4677,2,False,False,False
05-141-0106,Aziarco,minsk_suburb,53.843136,27.392705,5,,508,321,1669.0,2170.0,11,128.0,1,0,36.0,0,0,,0,2,24.0,0,2,,1,0,17.0,0,5,583.0,0,488,881.0,319,4678,3,False,True,True
05-141-0107,Aziarco,minsk_suburb,53.842374,27.398365,5,,286,173,1073.0,1518.0,2,60.0,1,0,11.0,0,0,13.0,0,2,26.0,2,2,,0,0,18.0,0,2,272.0,0,278,673.0,170,4679,7,False,False,False
05-141-0108,Юзуфово,village,54.10948,27.46674,5,,188,106,1158.0,1542.0,2,16.0,0,0,14.0,0,0,,0,2,16.0,0,1,,0,0,25.0,0,1,820.0,0,182,267.0,106,4680,3,False,False,False
06-012-0058,Babruysk,town_over100,53.1957,29.229535,6,,230,125,2011.0,2239.0,5,151.0,2,0,42.0,0,2,18.0,0,0,29.0,0,0,,0,0,20.0,0,1,1298.0,0,222,453.0,123,5204,1,False,False,False
06-012-0077,Babruysk,town_over100,53.163735,29.191321,6,,155,94,1262.0,1626.0,2,67.0,1,1,19.0,0,0,24.0,0,0,12.0,0,0,,0,0,15.0,0,2,618.0,1,150,507.0,92,5223,0,False,False,False
06-012-0081,Babruysk,town_over100,53.16197,29.19327,6,,95,45,1396.0,2018.0,2,215.0,0,0,20.0,0,0,,0,0,28.0,0,1,,0,0,21.0,0,0,432.0,0,92,680.0,45,5227,1,True,True,True
06-012-0082,Babruysk,town_over100,53.167633,29.19628,6,,170,93,849.0,988.0,4,39.0,0,2,6.0,0,0,,0,3,12.0,3,0,,0,0,29.0,0,1,521.0,0,160,242.0,90,5228,1,False,False,False
06-012-0083,Babruysk,town_over100,53.168162,29.19902,6,,123,74,814.0,1011.0,2,31.0,0,0,6.0,0,0,,0,1,6.0,1,0,,0,0,4.0,0,0,606.0,0,120,161.0,73,5229,1,False,False,False
06-012-0084,Babruysk,town_over100,53.16657,29.201292,6,,216,114,1579.0,1988.0,3,64.0,1,1,11.0,0,1,,0,1,19.0,0,2,,0,0,15.0,0,1,1065.0,0,207,405.0,113,5230,2,False,False,False
06-013-0020,Babruysk,town_over100,53.147315,29.226149,6,,205,111,1487.0,1799.0,4,121.0,1,0,36.0,0,1,,0,1,26.0,0,3,,0,1,33.0,1,0,648.0,0,195,623.0,109,5166,2,False,False,True
06-013-0021,Babruysk,town_over100,53.143534,29.197654,6,,204,111,1651.0,1790.0,4,156.0,0,0,57.0,0,0,21.0,0,2,50.0,0,0,,0,0,20.0,0,2,532.0,1,196,815.0,110,5167,1,True,False,False
06-013-0048,Babruysk,town_over100,53.096122,29.235365,6,,139,74,1447.0,1529.0,0,67.0,0,1,21.0,0,0,,0,0,14.0,0,0,,0,0,12.0,0,0,950.0,0,138,383.0,74,5194,4,True,True,True
06-024-0010,Mahilyow,city,53.933004,30.359131,6,,171,97,1442.0,1713.0,7,90.0,5,1,24.0,0,0,,0,1,10.0,1,0,,0,0,14.0,0,1,865.0,0,161,439.0,91,5260,2,False,False,True
06-121-0006,Вишов,village,53.983492,29.986357,6,,62,20,1409.0,1570.0,3,51.0,1,0,7.0,0,0,,0,0,18.0,0,0,,0,0,14.0,0,1,1176.0,0,58,138.0,19,5407,1,False,False,True
06-125-0012,Horki,town_below100,54.274617,30.991228,6,,160,81,1504.0,1794.0,6,40.0,1,1,12.0,0,0,,0,0,15.0,0,2,,0,0,6.0,0,2,1221.0,0,149,210.0,80,5500,2,False,False,False
06-129-0001,Klichaw,town_below100,53.482686,29.342714,6,,119,51,1530.0,1632.0,2,52.0,0,0,23.0,0,0,13.0,0,0,35.0,0,1,,0,1,17.0,0,3,830.0,0,112,560.0,51,5587,2,True,False,True
06-129-0003,Klichaw,town_below100,53.486983,29.33498,6,,115,47,1205.0,1476.0,4,64.0,0,2,27.0,1,0,15.0,0,0,23.0,0,1,,0,0,15.0,0,1,712.0,0,107,349.0,46,5589,2,True,False,True
06-135-0002,Asipovichy,town_below100,53.297584,28.633689,6,,160,90,2156.0,2197.0,4,195.0,1,1,44.0,0,0,,0,0,40.0,0,0,,0,1,26.0,1,2,1099.0,0,152,752.0,88,5742,0,False,False,False
06-135-0011,Asipovichy,town_below100,53.305696,28.6345,6,,181,117,1380.0,1719.0,2,87.0,0,0,36.0,0,1,,1,1,31.0,0,0,,0,1,9.0,0,2,570.0,1,174,647.0,115,5751,2,False,False,False
06-135-0020,Лапичи,village,53.434504,28.54775,6,,88,37,797.0,805.0,2,11.0,1,1,6.0,0,0,,0,0,2.0,0,0,,0,0,3.0,0,1,573.0,0,84,202.0,36,5760,1,False,False,False
06-135-0025,Елизово,town_below100,53.39358,29.007095,6,,188,104,1475.0,1586.0,0,11.0,0,0,7.0,0,1,3.0,0,0,21.0,0,1,,0,0,6.0,0,1,1091.0,0,185,336.0,104,5765,2,False,False,False
06-146-0008,Дашковский сельский Совет,village,53.811114,30.223099,6,,53,30,609.0,757.0,0,44.0,0,0,10.0,0,0,,0,0,16.0,0,0,,0,0,7.0,0,1,287.0,0,52,245.0,30,5690,0,False,False,False
06-146-0024,Полыковичи,city,53.98561,30.360856,6,,127,71,1105.0,1272.0,3,81.0,1,0,17.0,0,0,30.0,0,0,14.0,0,1,,0,0,16.0,0,3,721.0,1,120,226.0,69,5706,4,False,False,False
06-146-0025,Полыковичский сельский Совет,city,53.970296,30.379271,6,,131,72,1057.0,1300.0,5,112.0,1,0,24.0,0,0,,0,2,30.0,0,0,,0,0,6.0,0,1,445.0,0,123,440.0,71,5707,1,False,False,False
06-146-0035,Новое Пашково,city,53.956142,30.243087,6,,150,83,1163.0,1351.0,2,40.0,0,0,15.0,0,0,13.0,0,0,15.0,0,0,,0,0,10.0,0,0,646.0,0,148,424.0,83,5717,3,False,False,True
07-001-0005,Minsk,capital,53.888059,27.682358,7,,232,140,1735.0,1888.0,2,112.0,2,2,47.0,0,0,10.0,0,3,25.0,2,1,,0,1,77.0,0,2,820.0,0,221,644.0,136,159,1,True,False,False
07-001-0008,Minsk,capital,53.882396,27.691251,7,,278,164,1010.0,1631.0,5,65.0,0,2,21.0,2,0,2.0,0,4,18.0,1,0,,0,1,13.0,1,0,276.0,0,266,615.0,160,162,5,False,False,False
07-001-0010,Minsk,capital,53.882396,27.691251,7,,305,189,1151.0,1798.0,5,60.0,1,1,24.0,0,0,,0,0,16.0,0,1,,0,0,19.0,0,1,269.0,0,297,751.0,188,164,3,False,False,True
07-001-0012,Minsk,capital,53.880358,27.685206,7,,218,117,1138.0,1440.0,5,31.0,1,1,7.0,1,1,9.0,0,1,12.0,0,0,,0,1,7.0,0,1,572.0,1,208,500.0,114,166,3,False,False,False
07-001-0016,Minsk,capital,53.875071,27.689131,7,,350,191,1487.0,1948.0,5,104.0,3,3,43.0,0,1,17.0,0,2,18.0,1,0,,0,4,14.0,1,3,889.0,2,332,402.0,184,170,2,False,False,False
07-001-0022,Minsk,capital,53.862998,27.680472,7,,304,187,1297.0,1522.0,2,184.0,1,3,39.0,1,0,,0,3,32.0,1,3,,0,1,18.0,0,3,463.0,0,289,561.0,184,176,2,False,False,False
07-001-0060,Minsk,capital,53.864485,27.672629,7,,336,181,1151.0,1771.0,5,73.0,2,3,25.0,1,1,8.0,1,3,25.0,2,0,,0,0,16.0,0,2,544.0,0,322,465.0,175,214,3,False,False,True
07-001-0061,Minsk,capital,53.864485,27.672629,7,,290,155,1015.0,1627.0,6,63.0,1,0,11.0,0,0,32.0,0,4,19.0,2,1,,1,1,19.0,0,2,489.0,0,276,390.0,151,215,1,False,False,False
07-001-0089,Minsk,capital,53.871084,27.616844,7,,532,361,2242.0,2350.0,4,109.0,1,2,58.0,2,0,27.0,0,4,34.0,3,0,,0,0,25.0,0,3,941.0,1,519,1006.0,354,243,3,False,False,True
07-002-0017,Minsk,capital,53.852961,27.605363,7,,344,206,1456.0,1906.0,8,241.0,3,1,26.0,1,1,26.0,1,0,19.0,0,0,,0,0,29.0,0,1,776.0,0,333,339.0,201,267,3,False,False,False
07-002-0044,Minsk,capital,53.862472,27.562675,7,,482,302,1418.0,1803.0,5,81.0,1,5,11.0,1,0,59.0,0,3,15.0,2,0,,0,0,22.0,0,5,761.0,0,464,469.0,298,294,9,False,False,False
07-002-0051,Minsk,capital,53.865271,27.587981,7,,344,195,1321.0,1731.0,12,80.0,5,0,6.0,0,0,41.0,0,1,15.0,1,0,,0,0,12.0,0,0,617.0,0,331,550.0,189,301,1,False,False,False
07-002-0060,Minsk,capital,53.870123,27.591323,7,,406,248,1341.0,2007.0,3,70.0,0,1,19.0,0,0,65.0,0,3,19.0,3,0,,0,1,34.0,1,2,658.0,0,396,476.0,244,310,4,False,False,False
07-002-0072,Minsk,capital,53.896061,27.556226,7,,306,203,1263.0,1284.0,6,57.0,2,1,12.0,1,2,,1,0,18.0,0,2,,0,0,9.0,0,0,737.0,0,295,430.0,199,322,4,False,False,False
07-002-0084,de,embassy,52.486977,13.463737,8,,747,20,1133.0,1268.0,4,14.0,0,2,4.0,0,1,3.0,1,6,8.0,0,0,,0,3,11.0,0,1,57.0,0,730,1036.0,19,5887,12,False,True,True
07-002-0085,de,embassy,48.137187,11.598697,8,,548,26,857.0,946.0,1,10.0,0,2,4.0,0,0,,0,2,6.0,0,0,,0,0,6.0,0,2,45.0,0,541,786.0,26,5888,9,False,False,False
07-002-0089,it,embassy,41.936681,12.536789,8,,166,16,341.0,583.0,0,4.0,0,0,3.0,0,0,1.0,0,0,4.0,0,0,,0,0,4.0,0,0,53.0,0,166,272.0,16,5892,2,False,False,True
07-002-0094,lv,embassy,56.941858,24.124805,8,,200,9,645.0,706.0,3,20.0,0,0,3.0,0,0,,0,3,10.0,0,0,,0,0,8.0,0,1,183.0,0,193,421.0,9,5897,6,False,False,False
07-002-0099,pl,embassy,52.171792,21.081845,8,,220,5,452.0,757.0,1,1.0,0,0,1.0,0,0,11.0,0,0,1.0,0,0,,0,0,1.0,0,0,69.0,0,219,368.0,5,5902,25,False,False,False
07-002-0107,us,embassy,38.91211,-77.04065,8,,291,9,443.0,539.0,0,5.0,0,1,1.0,0,0,2.0,0,1,2.0,0,0,,0,1,1.0,0,0,13.0,0,288,419.0,9,5910,5,False,False,False
07-002-0108,us,embassy,40.752439,-73.973736,8,,544,98,1028.0,1040.0,2,10.0,0,0,1.0,0,0,23.0,0,2,5.0,0,0,,0,0,2.0,0,1,28.0,0,539,959.0,98,5911,14,False,False,True
07-002-0112,ua,embassy,50.446747,30.503832,8,,102,3,403.0,522.0,4,16.0,0,0,1.0,0,0,,0,1,1.0,0,0,,0,0,3.0,0,0,169.0,0,97,213.0,3,5915,2,False,False,False
07-002-0118,ee,embassy,59.415788,24.738254,8,,156,2,652.0,699.0,1,11.0,0,0,4.0,0,0,4.0,0,0,10.0,0,0,,0,0,7.0,0,1,271.0,0,154,345.0,2,5921,3,False,False,False
07-003-0002,Minsk,capital,53.902533,27.546155,7,,474,309,1326.0,2197.0,7,104.0,1,1,21.0,1,1,,0,2,15.0,2,3,,0,0,17.0,0,7,354.0,1,453,815.0,304,326,8,False,False,False
07-003-0024,Minsk,capital,53.876998,27.505084,7,,388,252,1446.0,1509.0,10,74.0,5,0,22.0,0,0,16.0,0,2,23.0,1,0,,0,0,19.0,0,4,605.0,0,372,686.0,246,348,4,False,False,True
07-003-0058,Minsk,capital,53.857842,27.482932,7,,389,283,938.0,969.0,7,48.0,3,2,9.0,2,1,1.0,1,2,7.0,2,0,,0,2,3.0,1,1,329.0,0,374,541.0,274,382,4,False,False,False
07-003-0085,Minsk,capital,53.857385,27.463043,7,,592,405,1893.0,2640.0,7,341.0,3,1,24.0,1,0,18.0,0,4,15.0,2,1,,0,0,17.0,0,3,550.0,0,576,928.0,399,409,3,False,False,False
07-003-0094,Minsk,capital,53.858824,27.441376,7,,570,372,2029.0,2227.0,10,213.0,2,2,52.0,2,0,,0,2,25.0,1,3,,0,2,29.0,2,1,589.0,0,550,1121.0,365,418,4,False,True,False
07-004-0002,Minsk,capital,53.853933,27.550863,7,,347,219,1498.0,2269.0,5,203.0,3,1,18.0,0,1,,0,2,22.0,1,0,,0,1,37.0,0,3,798.0,1,334,420.0,214,432,2,False,False,False
07-004-0004,Minsk,capital,53.853912,27.549407,7,,343,207,1414.0,2143.0,5,116.0,1,1,17.0,0,0,97.0,0,0,21.0,0,2,,0,0,35.0,0,4,642.0,1,331,510.0,205,434,4,False,False,False
07-004-0005,Minsk,capital,53.849976,27.549057,7,,492,282,1895.0,2604.0,9,113.0,2,2,14.0,1,0,20.0,0,2,37.0,1,2,,0,2,24.0,0,3,713.0,0,472,974.0,278,435,7,True,False,True
07-004-0006,Minsk,capital,53.849997,27.55097,7,,347,223,1337.0,2136.0,3,90.0,2,1,21.0,1,0,6.0,0,3,22.0,3,1,,0,0,21.0,0,0,596.0,0,339,581.0,217,436,5,False,True,False
07-004-0007,Minsk,capital,53.849976,27.549057,7,,458,288,1791.0,2703.0,8,131.0,2,4,51.0,0,0,104.0,0,3,67.0,1,1,,0,0,88.0,0,1,890.0,0,441,460.0,285,437,2,False,False,False
07-004-0026,Minsk,capital,53.848685,27.506926,7,,413,252,1609.0,2221.0,10,115.0,2,0,23.0,0,2,,1,2,8.0,0,0,,0,0,18.0,0,1,732.0,0,398,713.0,249,456,3,False,False,False
07-005-0002,Minsk,capital,53.923562,27.677642,7,,16,9,192.0,192.0,3,29.0,2,0,3.0,0,0,,0,0,3.0,0,0,,0,0,6.0,0,1,82.0,0,12,69.0,7,488,2,False,False,False
07-005-0007,Minsk,capital,53.91093,27.668299,7,,433,288,1631.0,1715.0,8,112.0,4,0,22.0,0,1,11.0,1,4,30.0,1,1,,0,3,19.0,2,0,547.0,0,416,890.0,280,493,3,True,False,False
07-005-0021,Minsk,capital,53.9071,27.578055,7,,426,305,1182.0,1512.0,8,54.0,6,0,9.0,0,2,15.0,2,1,12.0,0,0,,0,2,13.0,2,2,599.0,0,411,480.0,295,507,6,False,False,False
07-005-0026,Minsk,capital,53.887671,27.603549,7,,534,315,1722.0,1810.0,8,148.0,5,3,16.0,1,0,,0,3,26.0,0,1,,0,2,17.0,0,6,811.0,1,511,704.0,308,512,4,False,False,False
07-005-0034,Minsk,capital,53.901727,27.651438,7,,422,223,2062.0,2292.0,15,163.0,4,0,21.0,0,3,33.0,0,4,32.0,0,1,,0,2,33.0,1,6,998.0,0,391,782.0,218,520,3,True,False,True
07-005-0037,Minsk,capital,53.894241,27.656307,7,,592,354,2088.0,2315.0,10,138.0,5,1,27.0,1,1,15.0,0,1,50.0,0,2,,0,0,34.0,0,10,565.0,0,567,1259.0,348,523,7,False,False,True
07-006-0008,Minsk,capital,53.927941,27.603504,7,,1086,729,2839.0,2876.0,11,155.0,5,3,31.0,2,0,4.0,0,3,49.0,3,0,,0,3,26.0,3,7,705.0,2,1059,1869.0,714,531,13,False,False,True
07-006-0037,Minsk,capital,53.957201,27.63119,7,,473,285,1193.0,2077.0,3,71.0,2,1,18.0,0,1,4.0,1,9,33.0,4,4,,0,0,17.0,0,3,207.0,0,452,848.0,278,560,7,False,False,True
07-006-0072,Minsk,capital,53.93858,27.680993,7,,471,299,1736.0,2578.0,7,246.0,2,1,39.0,1,1,116.0,1,2,51.0,1,0,,0,0,73.0,0,4,606.0,1,456,605.0,293,595,4,False,False,False
07-008-0057,Minsk,capital,53.896177,27.440828,7,,463,282,1575.0,2295.0,8,87.0,3,1,23.0,0,2,41.0,0,4,35.0,1,1,,0,2,35.0,1,6,815.0,1,439,539.0,276,724,9,False,False,False
07-008-0070,Minsk,capital,53.874726,27.452371,7,,1185,799,2513.0,4053.0,14,181.0,3,3,30.0,1,3,13.0,1,4,34.0,2,0,,0,3,21.0,2,5,255.0,0,1153,1979.0,790,737,6,False,False,True
07-008-0079,Minsk,capital,53.912489,27.477713,7,,387,237,1394.0,2001.0,4,140.0,1,0,25.0,0,2,61.0,0,7,36.0,1,2,,0,2,23.0,0,2,715.0,1,368,394.0,234,746,4,False,False,True
07-009-0014,Minsk,capital,53.934864,27.563107,7,,342,212,1266.0,1675.0,7,45.0,2,0,31.0,0,1,9.0,1,2,25.0,1,0,,0,0,21.0,0,3,428.0,2,329,707.0,206,803,8,False,False,True
